id;name;project_key;deleted;created_at;updated_at;owner_id
1;yippee well-worn shadowy;"6FL";false;2026-05-12T08:04:09;2026-05-11T21:44:19;1
2;fatal lucky pfft;"_X";true;2026-05-11T19:51:14;2026-05-12T03:40:08;2
3;disposer certification;"C441L";true;2026-05-12T06:21:48;2026-05-12T09:14:45;1
4;if zowie when;"57ZPIN";true;2026-05-12T15:34:13;2026-05-12T13:09:22;1
5;around;"2CI5OY";true;2026-05-12T07:36:45;2026-05-12T08:29:07;2
6;preheat categorise;"UX";true;2026-05-12T08:09:14;2026-05-12T15:31:01;1
7;shampoo where procrastinate;"JUH90U";true;2026-05-12T10:26:16;2026-05-12T02:47:35;1
8;so marimba except;"NFSB";false;2026-05-12T02:11:49;2026-05-11T19:24:39;1
9;inasmuch;"PVDA1H";false;2026-05-12T14:06:18;2026-05-12T07:39:20;1
10;potentially even failing;"GUJ";true;2026-05-12T04:23:20;2026-05-12T13:23:11;2
11;dime sheathe hubris;"QX";true;2026-05-11T18:51:59;2026-05-12T04:11:50;1
12;considering or;"2N45";true;2026-05-12T01:18:58;2026-05-12T03:22:44;2
13;spring these chiffonier;"61B";true;2026-05-12T07:03:41;2026-05-12T09:31:56;2
14;times after;"5X3";true;2026-05-12T09:51:45;2026-05-11T17:55:11;2
15;quick-witted cavernous;"F4XL";false;2026-05-12T15:49:43;2026-05-12T10:15:02;1
16;obesity;"H_M";true;2026-05-12T09:03:37;2026-05-11T20:24:08;1
17;till ruddy sedately;"34_04J";true;2026-05-11T19:01:04;2026-05-12T05:18:04;1
18;mill destock;"EWUWL";true;2026-05-12T15:28:58;2026-05-11T20:04:28;2
19;partially while;"VB6";false;2026-05-12T12:37:22;2026-05-11T21:52:36;2
20;complication;"VADI3J";false;2026-05-12T02:43:43;2026-05-12T05:40:23;1
21;pro;"3O5I";false;2026-05-11T18:55:42;2026-05-12T03:54:46;1
22;until after intensely;"P5VM9";true;2026-05-12T14:25:37;2026-05-12T13:09:48;2
23;breed out;"DX";true;2026-05-12T11:55:15;2026-05-12T15:54:30;1
24;whereas above;"YTHEZ";true;2026-05-12T05:35:45;2026-05-12T13:38:15;1
25;for;"6LFJZ";true;2026-05-11T22:32:15;2026-05-12T07:09:29;1
26;whispered lest flawed;"QY";false;2026-05-11T20:03:39;2026-05-12T11:13:24;2
27;evince victoriously;"0X";true;2026-05-11T20:46:04;2026-05-12T05:46:28;2
28;pocket-watch reckon muted;"MX";true;2026-05-11T21:35:39;2026-05-12T16:15:32;2
29;inside guilty;"CO";false;2026-05-12T01:57:16;2026-05-12T09:22:50;2
30;gut highly;"ZF";true;2026-05-12T03:04:05;2026-05-12T05:26:19;1
